{
  "3-way 3-shot 0-repeat": [0.8426666666666667],
  "3-way 3-shot 1-repeat": [0.8326666666666667],
  "3-way 3-shot 2-repeat": [0.8913333333333334],
  "3-way 3-shot 3-repeat": [0.8813333333333334],
  "3-way 3-shot 4-repeat": [0.8220000000000001],
  "3-way 3-shot": [0.8540000000000001],
  "3-way 3-shot_print": "acc: 0.8540",
  "3-way 4-shot 0-repeat": [0.922],
  "3-way 4-shot 1-repeat": [0.8633333333333333],
  "3-way 4-shot 2-repeat": [0.8593333333333334],
  "3-way 4-shot 3-repeat": [0.8766666666666666],
  "3-way 4-shot 4-repeat": [0.9006666666666666],
  "3-way 4-shot": [0.8844],
  "3-way 4-shot_print": "acc: 0.8844",
  "3-way 5-shot 0-repeat": [0.8753333333333333],
  "3-way 5-shot 1-repeat": [0.8693333333333334],
  "3-way 5-shot 2-repeat": [0.8426666666666668],
  "3-way 5-shot 3-repeat": [0.8806666666666668],
  "3-way 5-shot 4-repeat": [0.8706666666666668],
  "3-way 5-shot": [0.8677333333333335],
  "3-way 5-shot_print": "acc: 0.8677",
  "5-way 3-shot 0-repeat": [0.7812],
  "5-way 3-shot 1-repeat": [0.7903999999999999],
  "5-way 3-shot 2-repeat": [0.7776000000000001],
  "5-way 3-shot 3-repeat": [0.7687999999999999],
  "5-way 3-shot 4-repeat": [0.7784],
  "5-way 3-shot": [0.7792799999999999],
  "5-way 3-shot_print": "acc: 0.7793",
  "5-way 4-shot 0-repeat": [0.7971999999999998],
  "5-way 4-shot 1-repeat": [0.7800000000000001],
  "5-way 4-shot 2-repeat": [0.7984],
  "5-way 4-shot 3-repeat": [0.7547999999999999],
  "5-way 4-shot 4-repeat": [0.7927999999999998],
  "5-way 4-shot": [0.7846399999999999],
  "5-way 4-shot_print": "acc: 0.7846",
  "5-way 5-shot 0-repeat": [0.7992],
  "5-way 5-shot 1-repeat": [0.7983999999999999],
  "5-way 5-shot 2-repeat": [0.8347999999999999],
  "5-way 5-shot 3-repeat": [0.8195999999999999],
  "5-way 5-shot 4-repeat": [0.8064000000000001],
  "5-way 5-shot": [0.81168],
  "5-way 5-shot_print": "acc: 0.8117",
  "10-way 3-shot 0-repeat": [0.6612],
  "10-way 3-shot 1-repeat": [0.6662],
  "10-way 3-shot 2-repeat": [0.6664],
  "10-way 3-shot 3-repeat": [0.6586],
  "10-way 3-shot 4-repeat": [0.6699999999999998],
  "10-way 3-shot": [0.66448],
  "10-way 3-shot_print": "acc: 0.6645",
  "10-way 4-shot 0-repeat": [0.7061999999999999],
  "10-way 4-shot 1-repeat": [0.6598],
  "10-way 4-shot 2-repeat": [0.6882],
  "10-way 4-shot 3-repeat": [0.6686],
  "10-way 4-shot 4-repeat": [0.6887999999999999],
  "10-way 4-shot": [0.68232],
  "10-way 4-shot_print": "acc: 0.6823",
  "10-way 5-shot 0-repeat": [0.7119999999999999],
  "10-way 5-shot 1-repeat": [0.6884],
  "10-way 5-shot 2-repeat": [0.6758],
  "10-way 5-shot 3-repeat": [0.7014],
  "10-way 5-shot 4-repeat": [0.6916],
  "10-way 5-shot": [0.69384],
  "10-way 5-shot_print": "acc: 0.6938",
  "15-way 3-shot 0-repeat": [0.6164000000000001],
  "15-way 3-shot 1-repeat": [0.5929333333333333],
  "15-way 3-shot 2-repeat": [0.6080000000000001],
  "15-way 3-shot 3-repeat": [0.6002666666666667],
  "15-way 3-shot 4-repeat": [0.5932000000000001],
  "15-way 3-shot": [0.60216],
  "15-way 3-shot_print": "acc: 0.6022",
  "15-way 4-shot 0-repeat": [0.6214666666666667],
  "15-way 4-shot 1-repeat": [0.6310666666666667],
  "15-way 4-shot 2-repeat": [0.6154666666666667],
  "15-way 4-shot 3-repeat": [0.6128],
  "15-way 4-shot 4-repeat": [0.6081333333333333],
  "15-way 4-shot": [0.6177866666666667],
  "15-way 4-shot_print": "acc: 0.6178",
  "15-way 5-shot 0-repeat": [0.6489333333333334],
  "15-way 5-shot 1-repeat": [0.6314666666666667],
  "15-way 5-shot 2-repeat": [0.6018666666666665],
  "15-way 5-shot 3-repeat": [0.6350666666666667],
  "15-way 5-shot 4-repeat": [0.6389333333333334],
  "15-way 5-shot": [0.6312533333333332],
  "15-way 5-shot_print": "acc: 0.6313"
}
