{
  "3-way 3-shot 0-repeat": [0.7953333333333333],
  "3-way 3-shot 1-repeat": [0.7573333333333333],
  "3-way 3-shot 2-repeat": [0.7546666666666666],
  "3-way 3-shot 3-repeat": [0.7653333333333334],
  "3-way 3-shot 4-repeat": [0.7486666666666666],
  "3-way 3-shot": [0.7642666666666666],
  "3-way 3-shot_print": "acc: 0.7643",
  "3-way 4-shot 0-repeat": [0.8219999999999998],
  "3-way 4-shot 1-repeat": [0.7993333333333333],
  "3-way 4-shot 2-repeat": [0.7793333333333332],
  "3-way 4-shot 3-repeat": [0.7853333333333333],
  "3-way 4-shot 4-repeat": [0.7733333333333333],
  "3-way 4-shot": [0.7918666666666667],
  "3-way 4-shot_print": "acc: 0.7919",
  "3-way 5-shot 0-repeat": [0.7893333333333336],
  "3-way 5-shot 1-repeat": [0.8346666666666667],
  "3-way 5-shot 2-repeat": [0.8066666666666668],
  "3-way 5-shot 3-repeat": [0.834],
  "3-way 5-shot 4-repeat": [0.8066666666666668],
  "3-way 5-shot": [0.8142666666666667],
  "3-way 5-shot_print": "acc: 0.8143",
  "5-way 3-shot 0-repeat": [0.6896],
  "5-way 3-shot 1-repeat": [0.688],
  "5-way 3-shot 2-repeat": [0.6655999999999999],
  "5-way 3-shot 3-repeat": [0.6300000000000001],
  "5-way 3-shot 4-repeat": [0.6200000000000001],
  "5-way 3-shot": [0.6586399999999999],
  "5-way 3-shot_print": "acc: 0.6586",
  "5-way 4-shot 0-repeat": [0.6587999999999999],
  "5-way 4-shot 1-repeat": [0.672],
  "5-way 4-shot 2-repeat": [0.6776000000000001],
  "5-way 4-shot 3-repeat": [0.6964],
  "5-way 4-shot 4-repeat": [0.6567999999999999],
  "5-way 4-shot": [0.67232],
  "5-way 4-shot_print": "acc: 0.6723",
  "5-way 5-shot 0-repeat": [0.682],
  "5-way 5-shot 1-repeat": [0.6988000000000001],
  "5-way 5-shot 2-repeat": [0.6799999999999998],
  "5-way 5-shot 3-repeat": [0.7075999999999999],
  "5-way 5-shot 4-repeat": [0.7119999999999997],
  "5-way 5-shot": [0.6960799999999999],
  "5-way 5-shot_print": "acc: 0.6961",
  "10-way 3-shot 0-repeat": [0.4976],
  "10-way 3-shot 1-repeat": [0.5256000000000001],
  "10-way 3-shot 2-repeat": [0.519],
  "10-way 3-shot 3-repeat": [0.4658],
  "10-way 3-shot 4-repeat": [0.5588000000000001],
  "10-way 3-shot": [0.51336],
  "10-way 3-shot_print": "acc: 0.5134",
  "10-way 4-shot 0-repeat": [0.5754],
  "10-way 4-shot 1-repeat": [0.547],
  "10-way 4-shot 2-repeat": [0.5468000000000001],
  "10-way 4-shot 3-repeat": [0.5579999999999999],
  "10-way 4-shot 4-repeat": [0.5348],
  "10-way 4-shot": [0.5524],
  "10-way 4-shot_print": "acc: 0.5524",
  "10-way 5-shot 0-repeat": [0.5786000000000001],
  "10-way 5-shot 1-repeat": [0.5874000000000001],
  "10-way 5-shot 2-repeat": [0.5893999999999999],
  "10-way 5-shot 3-repeat": [0.59],
  "10-way 5-shot 4-repeat": [0.5582],
  "10-way 5-shot": [0.58072],
  "10-way 5-shot_print": "acc: 0.5807",
  "15-way 3-shot 0-repeat": [0.4506666666666666],
  "15-way 3-shot 1-repeat": [0.45120000000000005],
  "15-way 3-shot 2-repeat": [0.4366666666666666],
  "15-way 3-shot 3-repeat": [0.43160000000000004],
  "15-way 3-shot 4-repeat": [0.46506666666666663],
  "15-way 3-shot": [0.44704],
  "15-way 3-shot_print": "acc: 0.4470",
  "15-way 4-shot 0-repeat": [0.4621333333333333],
  "15-way 4-shot 1-repeat": [0.4974666666666667],
  "15-way 4-shot 2-repeat": [0.4928],
  "15-way 4-shot 3-repeat": [0.4821333333333333],
  "15-way 4-shot 4-repeat": [0.48053333333333337],
  "15-way 4-shot": [0.48301333333333335],
  "15-way 4-shot_print": "acc: 0.4830",
  "15-way 5-shot 0-repeat": [0.5044],
  "15-way 5-shot 1-repeat": [0.4945333333333334],
  "15-way 5-shot 2-repeat": [0.49693333333333334],
  "15-way 5-shot 3-repeat": [0.4948],
  "15-way 5-shot 4-repeat": [0.5105333333333334],
  "15-way 5-shot": [0.50024],
  "15-way 5-shot_print": "acc: 0.5002"
}
