{
  "3-way 3-shot 0-repeat": [0.7906666666666666],
  "3-way 3-shot 1-repeat": [0.8160000000000001],
  "3-way 3-shot 2-repeat": [0.8420000000000001],
  "3-way 3-shot 3-repeat": [0.8253333333333334],
  "3-way 3-shot 4-repeat": [0.8260000000000001],
  "3-way 3-shot": [0.8200000000000001],
  "3-way 3-shot_print": "acc: 0.8200",
  "3-way 4-shot 0-repeat": [0.8513333333333334],
  "3-way 4-shot 1-repeat": [0.8246666666666667],
  "3-way 4-shot 2-repeat": [0.8353333333333333],
  "3-way 4-shot 3-repeat": [0.8320000000000001],
  "3-way 4-shot 4-repeat": [0.8586666666666666],
  "3-way 4-shot": [0.8404],
  "3-way 4-shot_print": "acc: 0.8404",
  "3-way 5-shot 0-repeat": [0.8766666666666667],
  "3-way 5-shot 1-repeat": [0.8626666666666665],
  "3-way 5-shot 2-repeat": [0.8653333333333335],
  "3-way 5-shot 3-repeat": [0.8759999999999999],
  "3-way 5-shot 4-repeat": [0.8166666666666668],
  "3-way 5-shot": [0.8594666666666667],
  "3-way 5-shot_print": "acc: 0.8595",
  "5-way 3-shot 0-repeat": [0.7924000000000001],
  "5-way 3-shot 1-repeat": [0.7480000000000001],
  "5-way 3-shot 2-repeat": [0.7747999999999999],
  "5-way 3-shot 3-repeat": [0.7584000000000001],
  "5-way 3-shot 4-repeat": [0.7307999999999999],
  "5-way 3-shot": [0.76088],
  "5-way 3-shot_print": "acc: 0.7609",
  "5-way 4-shot 0-repeat": [0.7475999999999999],
  "5-way 4-shot 1-repeat": [0.7691999999999999],
  "5-way 4-shot 2-repeat": [0.7512000000000001],
  "5-way 4-shot 3-repeat": [0.7711999999999999],
  "5-way 4-shot 4-repeat": [0.754],
  "5-way 4-shot": [0.75864],
  "5-way 4-shot_print": "acc: 0.7586",
  "5-way 5-shot 0-repeat": [0.7539999999999999],
  "5-way 5-shot 1-repeat": [0.7868],
  "5-way 5-shot 2-repeat": [0.7896],
  "5-way 5-shot 3-repeat": [0.7791999999999999],
  "5-way 5-shot 4-repeat": [0.8175999999999999],
  "5-way 5-shot": [0.78544],
  "5-way 5-shot_print": "acc: 0.7854",
  "10-way 3-shot 0-repeat": [0.6568],
  "10-way 3-shot 1-repeat": [0.6806],
  "10-way 3-shot 2-repeat": [0.6630000000000001],
  "10-way 3-shot 3-repeat": [0.6562],
  "10-way 3-shot 4-repeat": [0.6534],
  "10-way 3-shot": [0.6620000000000001],
  "10-way 3-shot_print": "acc: 0.6620",
  "10-way 4-shot 0-repeat": [0.6636],
  "10-way 4-shot 1-repeat": [0.6898000000000002],
  "10-way 4-shot 2-repeat": [0.6928],
  "10-way 4-shot 3-repeat": [0.6878],
  "10-way 4-shot 4-repeat": [0.6818000000000001],
  "10-way 4-shot": [0.68316],
  "10-way 4-shot_print": "acc: 0.6832",
  "10-way 5-shot 0-repeat": [0.6781999999999999],
  "10-way 5-shot 1-repeat": [0.6942],
  "10-way 5-shot 2-repeat": [0.7037999999999998],
  "10-way 5-shot 3-repeat": [0.6941999999999999],
  "10-way 5-shot 4-repeat": [0.6975999999999999],
  "10-way 5-shot": [0.6935999999999999],
  "10-way 5-shot_print": "acc: 0.6936",
  "15-way 3-shot 0-repeat": [0.5934666666666666],
  "15-way 3-shot 1-repeat": [0.5978666666666667],
  "15-way 3-shot 2-repeat": [0.6098666666666667],
  "15-way 3-shot 3-repeat": [0.6049333333333334],
  "15-way 3-shot 4-repeat": [0.5948],
  "15-way 3-shot": [0.6001866666666666],
  "15-way 3-shot_print": "acc: 0.6002",
  "15-way 4-shot 0-repeat": [0.6275999999999999],
  "15-way 4-shot 1-repeat": [0.6153333333333333],
  "15-way 4-shot 2-repeat": [0.6081333333333333],
  "15-way 4-shot 3-repeat": [0.6052000000000001],
  "15-way 4-shot 4-repeat": [0.6102666666666666],
  "15-way 4-shot": [0.6133066666666667],
  "15-way 4-shot_print": "acc: 0.6133",
  "15-way 5-shot 0-repeat": [0.6399999999999999],
  "15-way 5-shot 1-repeat": [0.6324],
  "15-way 5-shot 2-repeat": [0.6579999999999999],
  "15-way 5-shot 3-repeat": [0.6388],
  "15-way 5-shot 4-repeat": [0.6472],
  "15-way 5-shot": [0.6432799999999999],
  "15-way 5-shot_print": "acc: 0.6433"
}
