{"5-way 3-shot 0-repeat": [0.6496000000000001], "5-way 3-shot 1-repeat": [0.6748000000000001], "5-way 3-shot 2-repeat": [0.6456000000000001], "5-way 3-shot 3-repeat": [0.6487999999999999], "5-way 3-shot 4-repeat": [0.6652], "5-way 3-shot": [0.6568], "5-way 3-shot_print": "acc: 0.6568", "5-way 5-shot 0-repeat": [0.6999999999999998], "5-way 5-shot 1-repeat": [0.6896000000000001], "5-way 5-shot 2-repeat": [0.7103999999999999], "5-way 5-shot 3-repeat": [0.7092], "5-way 5-shot 4-repeat": [0.6864000000000001], "5-way 5-shot": [0.69912], "5-way 5-shot_print": "acc: 0.6991", "10-way 3-shot 0-repeat": [0.5416000000000001], "10-way 3-shot 1-repeat": [0.5146000000000001], "10-way 3-shot 2-repeat": [0.5316000000000001], "10-way 3-shot 3-repeat": [0.5347999999999999], "10-way 3-shot 4-repeat": [0.5134], "10-way 3-shot": [0.5272], "10-way 3-shot_print": "acc: 0.5272", "10-way 5-shot 0-repeat": [0.5706], "10-way 5-shot 1-repeat": [0.5821999999999999], "10-way 5-shot 2-repeat": [0.574], "10-way 5-shot 3-repeat": [0.575], "10-way 5-shot 4-repeat": [0.5546], "10-way 5-shot": [0.57128], "10-way 5-shot_print": "acc: 0.5713"}