{"5-way 3-shot 0-repeat": [0.7239999999999999], "5-way 3-shot 1-repeat": [0.7576], "5-way 3-shot 2-repeat": [0.7484000000000001], "5-way 3-shot 3-repeat": [0.7568], "5-way 3-shot 4-repeat": [0.7668], "5-way 3-shot": [0.75072], "5-way 3-shot_print": "acc: 0.7507", "5-way 5-shot 0-repeat": [0.8012], "5-way 5-shot 1-repeat": [0.7823999999999998], "5-way 5-shot 2-repeat": [0.7956], "5-way 5-shot 3-repeat": [0.8007999999999998], "5-way 5-shot 4-repeat": [0.7796], "5-way 5-shot": [0.7919199999999998], "5-way 5-shot_print": "acc: 0.7919", "10-way 3-shot 0-repeat": [0.6562], "10-way 3-shot 1-repeat": [0.6492], "10-way 3-shot 2-repeat": [0.6305999999999999], "10-way 3-shot 3-repeat": [0.6659999999999998], "10-way 3-shot 4-repeat": [0.628], "10-way 3-shot": [0.646], "10-way 3-shot_print": "acc: 0.6460", "10-way 5-shot 0-repeat": [0.7120000000000001], "10-way 5-shot 1-repeat": [0.6990000000000001], "10-way 5-shot 2-repeat": [0.7090000000000001], "10-way 5-shot 3-repeat": [0.6990000000000001], "10-way 5-shot 4-repeat": [0.6770000000000002], "10-way 5-shot": [0.6992], "10-way 5-shot_print": "acc: 0.6992"}